{
  "name": "area-chart-series",
  "version": "17.1.1",
  "jetVersion": "^17.1.1",
  "pack": "oj-c",
  "type": "composite",
  "dependencyScope": "runtime",
  "license": "https://opensource.org/licenses/UPL",
  "implements": [
    "CAreaChartSeriesElement"
  ],
  "subcomponentType": "data",
  "description": "The oj-c-area-chart-series element is used to declare series properties in the seriesTemplate",
  "displayName": "AreaChartSeries",
  "main": "oj-c/area-chart-series",
  "help": "oj-c.AreaChartSeries.html",
  "status": [
    {
      "type": "candidate",
      "since": "17.0.0"
    }
  ],
  "extension": {
    "catalog": {
      "category": "Visualizations"
    }
  },
  "since": "16.0.0",
  "properties": {
    "categories": {
      "type": "Array<string>",
      "description": "An array of category strings corresponding to the tag cloud items.",
      "displayName": "Categories",
      "help": "#categories"
    },
    "color": {
      "type": "string",
      "description": "The color of the series. The chart legend item will inherit this color value.",
      "displayName": "Color",
      "help": "#color"
    },
    "drilling": {
      "type": "string",
      "description": "Whether drilling is enabled on the series item.",
      "displayName": "Drilling",
      "help": "#drilling",
      "enumValues": [
        "inherit",
        "off",
        "on"
      ],
      "value": "inherit"
    },
    "lineType": {
      "type": "string",
      "description": "The line type of the data line or area.",
      "displayName": "Line Type",
      "help": "#lineType",
      "enumValues": [
        "curved",
        "straight"
      ]
    },
    "markerShape": {
      "type": "string",
      "description": "The shape of the data markers.",
      "displayName": "Marker Shape",
      "help": "#markerShape",
      "enumValues": [
        "auto",
        "square",
        "circle",
        "diamond",
        "human",
        "plus",
        "star",
        "triangleDown",
        "triangleUp"
      ]
    },
    "markerColor": {
      "type": "string",
      "description": "The color of the data markers, if different from the series color.",
      "displayName": "Marker Color",
      "help": "#markerColor"
    },
    "markerDisplayed": {
      "type": "string",
      "description": "Defines whether the data marker is displayed. Only applies to line, area, scatter, and bubble series.",
      "displayName": "Marker Displayed",
      "help": "#markerDisplayed"
    },
    "markerSize": {
      "type": "number",
      "description": "The size of the data markers.",
      "displayName": "Marker Size",
      "help": "#markerSize"
    },
    "name": {
      "type": "string",
      "description": "The name of the series, displayed in the legend and tooltips.",
      "displayName": "Name",
      "help": "#name"
    },
    "shortDesc": {
      "type": "string",
      "description": "The description of this series. This is used for accessibility and for customizing the tooltip text on the corresponding legend item for the series.",
      "displayName": "Short Desc",
      "help": "#shortDesc"
    }
  },
  "methods": {
    "setProperty": {
      "description": "Sets a property or a single subproperty for complex properties and notifies the component of the change, triggering a corresponding event.",
      "help": "#setProperty",
      "params": [
        {
          "name": "property",
          "description": "The property name to set. Supports dot notation for subproperty access.",
          "type": "string"
        },
        {
          "name": "value",
          "description": "The new value to set the property to.",
          "type": "any"
        }
      ],
      "return": "void"
    },
    "getProperty": {
      "description": "Retrieves the value of a property or a subproperty.",
      "help": "#getProperty",
      "params": [
        {
          "name": "property",
          "description": "The property name to get. Supports dot notation for subproperty access.",
          "type": "string"
        }
      ],
      "return": "any"
    },
    "setProperties": {
      "description": "Performs a batch set of properties.",
      "help": "#setProperties",
      "params": [
        {
          "name": "properties",
          "description": "An object containing the property and value pairs to set.",
          "type": "object"
        }
      ],
      "return": "void"
    }
  }
}