{
  "paths": {
    "source": {
      "common": "src",
      "web": "src-web",
      "javascript": "js",
      "typescript": "ts",
      "styles": "css",
      "themes": "themes"
    },
    "staging": {
      "web": "web",
      "themes": "staged-themes"
    }
  },
  "unversioned": true,
  "defaultBrowser": "chrome",
  "sassVer": "9.0.0",
  "defaultTheme": "redwood",
  "fontUrl": "https://static.oracle.com/cdn/fnd/gallery/2404.0.0/images/iconfont/ojuxIconFont.min.css",
  "typescriptLibraries": "typescript@5.4.5 yargs-parser@~13.1.2",
  "webpackLibraries": "webpack@5.76.0 @types/node@18.16.3 webpack-dev-server style-loader css-loader sass-loader sass ts-loader@8.4.0 raw-loader noop-loader html-webpack-plugin html-replace-webpack-plugin copy-webpack-plugin @prefresh/webpack @prefresh/babel-plugin webpack-merge compression-webpack-plugin mini-css-extract-plugin clean-webpack-plugin css-fix-url-loader",
  "mochaTestingLibraries": "karma mocha sinon chai@4.4.1 coverage karma-chai@0.1.0 karma-coverage@2.2.0 karma-chrome-launcher@3.1.1 karma-mocha@2.0.1 karma-mocha-reporter@2.2.5 karma-requirejs@1.1.0 karma-fixture@0.2.6 karma-sinon@1.0.5 karma-typescript@5.5.4 @types/chai@4.3.4 @types/karma-fixture@0.2.5 @types/mocha@10.0.1 @types/sinon@10.0.13",
  "jestTestingLibraries": "jest@29.6.2 @testing-library/preact@3.2.3 @types/jest@29.5.3 jest-environment-jsdom@29.6.2 @oracle/oraclejet-jest-preset@~17.1.0",
  "architecture": "mvvm"
}